City_ID,City,Country,Date,Lat,Lng,Max Temp,Humidity,Cloudiness,Wind Speed
0,Christchurch,NZ,2020-05-26 22:53:51,-43.53,172.63,46.99,93,0,1.12
1,Ushuaia,AR,2020-05-26 22:55:29,-54.8,-68.3,48.2,61,75,4.59
2,Uray,RU,2020-05-26 22:57:57,60.12,64.78,46.56,71,59,0.69
3,Ponta Do Sol,PT,2020-05-26 22:55:42,32.67,-17.1,66.99,76,100,1.95
4,Ahuimanu,US,2020-05-26 22:57:58,21.44,-157.84,84.2,62,98,9.17
5,Rikitea,PF,2020-05-26 22:55:30,-23.12,-134.97,74.95,82,94,17.81
6,Vostok,RU,2020-05-26 22:56:47,46.49,135.88,51.85,79,16,2.39
7,Matadi,CD,2020-05-26 22:57:58,-5.82,13.45,75.24,84,83,3.29
8,Pevek,RU,2020-05-26 22:55:49,69.7,170.31,34.12,88,10,7.38
9,Ribeira Grande,PT,2020-05-26 22:55:47,38.52,-28.7,65.26,87,19,3.29
10,Pafos,CY,2020-05-26 22:54:14,34.77,32.42,57.99,87,3,1.01
11,Kupang,ID,2020-05-26 22:56:48,-10.17,123.58,77.0,94,20,2.24
12,Codrington,AU,2020-05-26 22:56:21,-38.27,141.97,52.2,65,87,13.58
13,Bambous Virieux,MU,2020-05-26 22:55:32,-20.34,57.76,73.4,78,20,6.93
14,Airai,TL,2020-05-26 22:55:55,-8.93,125.41,63.91,100,15,0.76
15,Atuona,PF,2020-05-26 22:55:43,-9.8,-139.03,81.37,73,17,13.47
16,Mar Del Plata,AR,2020-05-26 22:56:01,-38.0,-57.56,52.0,93,6,2.24
17,Melo,UY,2020-05-26 22:55:45,-32.37,-54.18,49.75,82,90,6.46
18,Punta Arenas,CL,2020-05-26 22:55:28,-53.15,-70.92,42.8,87,40,9.17
19,Mount Gambier,AU,2020-05-26 22:55:54,-37.83,140.77,51.8,71,90,11.41
20,Upernavik,GL,2020-05-26 22:55:46,72.79,-56.15,29.73,95,61,5.79
21,Tsuyama,JP,2020-05-26 22:58:00,35.05,134.0,68.0,93,75,4.7
22,Vila,PT,2020-05-26 22:55:44,42.03,-8.16,71.6,64,0,1.12
23,Mount Isa,AU,2020-05-26 22:58:01,-20.73,139.5,59.0,47,3,6.31
24,Narsaq,GL,2020-05-26 22:56:23,60.92,-46.05,42.8,70,100,1.12
25,Ust-Nera,RU,2020-05-26 22:56:52,64.57,143.2,50.0,56,95,3.76
26,Cabo San Lucas,MX,2020-05-26 22:56:16,22.89,-109.91,84.2,34,5,6.93
27,Almaznyy,RU,2020-05-26 22:55:35,48.04,40.05,50.0,93,20,2.86
28,Saint-Augustin,CA,2020-05-26 22:58:02,51.23,-58.65,54.9,84,82,2.71
29,Okha,RU,2020-05-26 22:55:32,53.57,142.95,40.15,78,94,11.95
30,Broome,US,2020-05-26 22:56:21,42.25,-75.83,87.01,42,1,5.53
31,Vaini,TO,2020-05-26 22:55:35,-21.2,-175.2,78.8,69,75,5.82
32,Kaitangata,NZ,2020-05-26 22:56:19,-46.28,169.85,48.49,78,20,4.9
33,Kilimatinde,TZ,2020-05-26 22:58:03,-5.85,34.95,64.13,82,20,2.62
34,Sao Joao Da Barra,BR,2020-05-26 22:55:45,-21.64,-41.05,66.67,72,18,11.25
35,Carnarvon,AU,2020-05-26 22:55:42,-24.87,113.63,60.94,59,0,15.48
36,Cape Town,ZA,2020-05-26 22:52:41,-33.93,18.42,51.01,87,75,5.82
37,Butaritari,KI,2020-05-26 22:55:52,3.07,172.79,82.72,69,20,2.77
38,Mahebourg,MU,2020-05-26 22:55:45,-20.41,57.7,73.4,78,20,6.93
39,Caravelas,BR,2020-05-26 22:58:04,-17.71,-39.25,74.52,92,78,2.91
40,Springbok,ZA,2020-05-26 22:58:04,-29.66,17.89,36.41,89,0,1.34
41,Broken Hill,AU,2020-05-26 22:56:29,-31.95,141.43,48.2,66,40,5.82
42,Bredasdorp,ZA,2020-05-26 22:55:49,-34.53,20.04,46.4,81,89,6.93
43,Mataura,NZ,2020-05-26 22:55:29,-46.19,168.86,48.2,77,35,1.52
44,Talnakh,RU,2020-05-26 22:56:09,69.49,88.4,30.2,92,75,20.13
45,Saint-Philippe,RE,2020-05-26 22:55:42,-21.36,55.77,71.6,68,39,9.17
46,Hambantota,LK,2020-05-26 22:55:39,6.12,81.12,81.37,83,100,14.88
47,Kapit,MY,2020-05-26 22:58:05,2.02,112.93,75.6,94,59,1.21
48,Sur,OM,2020-05-26 22:56:19,22.57,59.53,88.43,48,0,12.24
49,Busselton,AU,2020-05-26 22:55:31,-33.65,115.33,59.0,54,95,16.26
50,San Vicente,AR,2020-05-26 22:58:05,-26.62,-54.13,47.19,95,0,2.37
51,Namatanai,PG,2020-05-26 22:56:55,-3.67,152.43,84.24,73,49,6.13
52,Vicuna,CL,2020-05-26 22:58:05,-30.03,-70.71,52.0,67,0,0.34
53,Arraial Do Cabo,BR,2020-05-26 22:55:40,-22.97,-42.03,69.8,64,0,10.29
54,Sambava,MG,2020-05-26 22:58:06,-14.27,50.17,69.57,84,2,8.28
55,Araguacu,BR,2020-05-26 22:58:06,-12.93,-49.83,72.01,80,27,4.76
56,Saldanha,ZA,2020-05-26 22:56:03,-33.01,17.94,50.0,81,73,1.12
57,Chuy,UY,2020-05-26 22:56:05,-33.7,-53.46,51.93,77,81,9.62
58,Severo-Kurilsk,RU,2020-05-26 22:55:43,50.68,156.12,39.61,88,76,9.6
59,Tigre,AR,2020-05-26 22:58:06,-34.43,-58.58,55.99,81,0,3.36
60,Necochea,AR,2020-05-26 22:55:52,-38.55,-58.74,45.0,93,0,3.0
61,Bluff,NZ,2020-05-26 22:55:29,-46.6,168.33,47.88,87,52,6.4
62,Asau,RO,2020-05-26 22:56:20,46.43,26.4,48.0,87,79,4.03
63,Thompson,CA,2020-05-26 22:56:01,55.74,-97.86,77.0,25,75,8.05
64,Esperance,AU,2020-05-26 22:56:36,-33.87,121.9,44.6,93,0,10.29
65,Chicama,PE,2020-05-26 22:58:07,-7.84,-79.15,71.62,73,32,6.55
66,Fortuna,US,2020-05-26 22:55:51,40.6,-124.16,62.01,87,20,19.46
67,Barrow,US,2020-05-26 22:56:08,71.29,-156.79,32.0,90,90,8.05
68,Lake Havasu City,US,2020-05-26 22:57:47,34.48,-114.32,104.0,6,1,8.05
69,Port Elizabeth,ZA,2020-05-26 22:55:32,-33.92,25.57,46.4,81,75,13.87
70,Mitla,MX,2020-05-26 22:58:08,16.92,-96.4,91.4,7,40,8.05
71,Yarega,RU,2020-05-26 22:58:08,63.44,53.58,42.03,76,32,1.45
72,Kavaratti,IN,2020-05-26 22:56:26,10.57,72.64,84.34,77,33,12.46
73,Xuddur,SO,2020-05-26 22:58:08,4.12,43.89,74.12,83,2,10.18
74,East London,ZA,2020-05-26 22:55:26,-33.02,27.91,52.47,68,36,25.21
75,Jamestown,US,2020-05-26 22:55:28,42.1,-79.24,86.0,37,20,5.82
76,Dallas,US,2020-05-26 22:58:08,32.77,-96.78,73.4,60,75,5.82
77,Georgetown,MY,2020-05-26 22:52:59,5.41,100.34,78.8,94,20,2.24
78,Yellowknife,CA,2020-05-26 22:55:48,62.46,-114.35,52.0,43,20,3.36
79,Hovd,MN,2020-05-26 22:56:38,48.01,91.64,62.91,43,78,10.13
80,Itoman,JP,2020-05-26 22:58:09,26.12,127.67,80.6,94,75,12.75
81,Taoudenni,ML,2020-05-26 22:58:09,22.68,-3.98,92.12,12,0,9.55
82,Avarua,CK,2020-05-26 22:51:58,-21.21,-159.78,78.8,65,69,5.82
83,Lagoa,PT,2020-05-26 22:55:38,39.05,-27.98,64.6,87,7,8.43
84,Puerto Ayora,EC,2020-05-26 22:55:42,-0.74,-90.35,77.0,83,75,10.29
85,Lebu,CL,2020-05-26 22:55:49,-37.62,-73.65,56.71,93,11,9.17
86,Bukachacha,RU,2020-05-26 22:56:03,52.98,116.92,55.63,68,85,2.93
87,Kapaa,US,2020-05-26 22:55:29,22.08,-159.32,80.6,74,1,8.05
88,Ilulissat,GL,2020-05-26 22:55:28,69.22,-51.1,33.8,69,100,4.7
89,Jiayuguan,CN,2020-05-26 22:58:10,39.82,98.3,57.06,37,5,8.9
90,North Bend,US,2020-05-26 22:56:41,43.41,-124.22,77.0,77,1,17.22
91,Nikolskoye,RU,2020-05-26 22:55:37,59.7,30.79,46.4,70,6,0.6
92,Tuy Hoa,VN,2020-05-26 22:56:33,13.08,109.3,81.21,79,100,5.91
93,Maniitsoq,GL,2020-05-26 22:58:11,65.42,-52.9,34.5,96,100,5.19
94,Hamilton,US,2020-05-26 22:54:51,39.18,-84.53,86.0,54,40,3.36
95,Uvinza,TZ,2020-05-26 22:58:11,-5.1,30.39,66.65,78,14,1.86
96,Teyateyaneng,LS,2020-05-26 22:58:11,-29.15,27.75,30.0,90,22,6.87
97,Roquetas De Mar,ES,2020-05-26 22:58:11,36.76,-2.61,73.4,56,38,14.99
98,Sao Felix Do Xingu,BR,2020-05-26 22:58:12,-6.64,-51.99,73.94,96,100,0.07
99,Nanortalik,GL,2020-05-26 22:56:15,60.14,-45.24,40.71,93,100,7.11
100,Katsuura,JP,2020-05-26 22:55:34,35.13,140.3,69.01,94,75,9.17
101,Kovdor,RU,2020-05-26 22:56:44,67.57,30.48,41.99,76,36,4.85
102,Narasannapeta,IN,2020-05-26 22:58:12,18.42,84.05,82.27,83,82,9.66
103,Caranavi,BO,2020-05-26 22:58:12,-15.82,-67.55,61.59,72,0,1.34
104,Lima,PE,2020-05-26 22:57:16,-12.04,-77.03,68.0,72,6,6.93
105,El Tocuyo,VE,2020-05-26 22:58:12,9.79,-69.79,75.2,69,77,16.11
106,Badnawar,IN,2020-05-26 22:58:12,23.02,75.22,77.47,69,78,12.28
107,Black Diamond,US,2020-05-26 22:58:13,47.31,-122.0,66.0,79,95,1.99
108,Albany,US,2020-05-26 22:55:28,42.6,-73.97,88.0,43,19,4.92
109,Dikson,RU,2020-05-26 22:55:41,73.51,80.55,30.97,98,37,15.32
110,Celestun,MX,2020-05-26 22:58:13,20.87,-90.4,85.57,71,6,14.61
111,Findlay,US,2020-05-26 22:53:14,41.04,-83.65,84.99,54,1,8.34
112,Cockburn Town,TC,2020-05-26 22:56:21,21.46,-71.14,81.5,84,73,16.17
113,Oktyabrskoye,RU,2020-05-26 22:58:13,43.06,44.74,51.8,100,5,8.95
114,Barra Do Garcas,BR,2020-05-26 22:58:14,-15.89,-52.26,63.14,64,0,1.9
115,Bethel,US,2020-05-26 22:55:28,41.37,-73.41,78.01,64,1,9.17
116,Khvoynaya,RU,2020-05-26 22:58:14,58.9,34.53,44.42,92,27,4.27
117,Torbay,CA,2020-05-26 22:55:28,47.67,-52.73,54.0,87,90,21.92
118,Port Augusta,AU,2020-05-26 22:58:14,-32.5,137.77,53.01,93,28,5.82
119,Sulangan,PH,2020-05-26 22:58:14,11.14,123.72,83.77,72,20,7.05
120,Kahului,US,2020-05-26 22:55:59,20.89,-156.47,87.8,52,40,20.8
121,Ouesso,CG,2020-05-26 22:58:15,1.61,16.05,73.94,89,96,2.86
122,Kankon,IN,2020-05-26 22:58:15,15.02,74.02,81.43,85,99,4.29
123,Fort Nelson,CA,2020-05-26 22:55:55,58.81,-122.7,62.6,29,75,17.22
124,Sitka,US,2020-05-26 22:55:45,57.05,-135.33,51.8,71,40,10.29
125,Bow Island,CA,2020-05-26 22:58:16,49.87,-111.37,63.0,72,40,13.87
126,Ghanzi,BW,2020-05-26 22:55:03,-21.57,21.78,44.2,64,0,10.8
127,Zacualpan,MX,2020-05-26 22:58:16,21.25,-105.17,86.0,42,5,9.17
128,Victoria,HK,2020-05-26 22:52:09,22.29,114.16,80.01,83,97,3.0
129,Neuquen,AR,2020-05-26 22:58:16,-38.95,-68.06,59.0,47,0,2.24
130,Qaqortoq,GL,2020-05-26 22:56:42,60.72,-46.03,42.8,70,99,1.12
131,Saskylakh,RU,2020-05-26 22:56:16,71.92,114.08,30.11,93,100,15.48
132,Kitimat,CA,2020-05-26 22:58:17,54.05,-128.65,57.2,45,75,13.87
133,Hermanus,ZA,2020-05-26 22:55:30,-34.42,19.23,45.0,92,98,1.01
134,Soe,ID,2020-05-26 22:58:17,-9.86,124.28,69.04,100,42,2.55
135,New Norfolk,AU,2020-05-26 22:55:50,-42.78,147.06,39.99,92,22,2.73
136,Cam Ranh,VN,2020-05-26 22:58:18,11.92,109.16,82.4,88,40,3.36
137,Hobart,AU,2020-05-26 22:52:12,-42.88,147.33,42.8,81,40,9.17
138,Port Alfred,ZA,2020-05-26 22:55:47,-33.59,26.89,51.84,76,95,25.61
139,Aleysk,RU,2020-05-26 22:58:18,52.49,82.78,53.83,83,88,16.53
140,Bad Schwalbach,DE,2020-05-26 22:58:19,50.13,8.07,55.4,66,1,3.36
141,Ayr,GB,2020-05-26 22:58:19,55.46,-4.63,48.2,76,95,0.96
142,Mae Ramat,TH,2020-05-26 22:58:19,16.98,98.52,73.4,88,6,1.1
143,Klaksvik,FO,2020-05-26 22:55:28,62.23,-6.59,46.4,81,27,19.46
144,College,US,2020-05-26 22:55:39,64.86,-147.8,60.8,41,75,11.41
145,San Mariano,PH,2020-05-26 22:58:20,7.5,126.0,78.8,100,75,2.24
146,Verkhoyansk,RU,2020-05-26 22:58:20,67.54,133.38,66.51,46,0,9.35
147,Beringovskiy,RU,2020-05-26 22:56:08,63.05,179.32,33.82,97,100,4.45
148,Acapulco,MX,2020-05-26 22:58:20,16.86,-99.89,84.2,62,90,16.11
149,Makakilo City,US,2020-05-26 22:58:21,21.35,-158.09,84.2,58,90,8.05
150,Tuktoyaktuk,CA,2020-05-26 22:55:39,69.45,-133.04,37.4,74,20,12.75
151,Mirabad,AF,2020-05-26 22:58:21,30.44,61.84,83.46,21,0,16.4
152,Hilo,US,2020-05-26 22:51:24,19.73,-155.09,84.2,54,75,10.29
153,Novobirilyussy,RU,2020-05-26 22:58:21,56.95,90.67,38.44,81,55,8.05
154,Bandarbeyla,SO,2020-05-26 22:58:21,9.49,50.81,81.79,80,99,23.6
155,Paulo Afonso,BR,2020-05-26 22:58:21,-9.41,-38.21,77.16,78,100,1.72
156,Kruisfontein,ZA,2020-05-26 22:56:24,-34.0,24.73,46.44,80,69,13.53
157,Shaowu,CN,2020-05-26 22:58:22,27.34,117.48,69.67,81,97,1.57
158,Chokurdakh,RU,2020-05-26 22:55:30,70.63,147.92,52.48,42,91,18.03
159,Kandrian,PG,2020-05-26 22:55:41,-6.22,149.55,84.47,74,53,8.01
160,Pochutla,MX,2020-05-26 22:58:22,15.74,-96.47,91.4,43,90,8.99
161,Vila Franca Do Campo,PT,2020-05-26 22:56:41,37.72,-25.43,66.2,88,75,8.05
162,Vardo,NO,2020-05-26 22:56:04,70.37,31.11,44.6,65,3,5.82
163,Avera,US,2020-05-26 22:58:22,33.19,-82.53,73.4,89,90,5.82
164,Senador Jose Porfirio,BR,2020-05-26 22:58:22,-2.59,-51.95,78.12,83,27,2.21
165,Vestmannaeyjar,IS,2020-05-26 22:56:28,63.44,-20.27,45.66,75,88,15.77
166,Nan,TH,2020-05-26 22:58:23,18.83,100.67,74.71,86,5,0.56
167,Chumikan,RU,2020-05-26 22:55:59,54.72,135.31,38.97,86,95,5.79
168,Guayanilla,PR,2020-05-26 22:58:23,18.02,-66.79,82.99,70,87,3.0
169,Chernyshevskiy,RU,2020-05-26 22:58:23,63.01,112.47,45.5,58,1,8.84
170,Lorengau,PG,2020-05-26 22:58:23,-2.02,147.27,85.8,69,36,9.78
171,Cidreira,BR,2020-05-26 22:51:23,-30.18,-50.21,57.83,71,100,16.98
172,Chateau-Gontier,FR,2020-05-26 22:58:23,47.83,-0.7,64.4,67,7,8.05
173,Faanui,PF,2020-05-26 22:55:41,-16.48,-151.75,82.0,73,22,4.72
174,Port-Cartier,CA,2020-05-26 22:58:24,50.03,-66.87,75.2,27,90,10.29
175,Ponta Delgada,PT,2020-05-26 22:56:28,37.73,-25.67,66.2,88,75,8.05
176,Hasaki,JP,2020-05-26 22:56:14,35.73,140.83,66.2,100,75,6.93
177,Provideniya,RU,2020-05-26 22:56:23,64.38,-173.3,41.0,75,75,15.66
178,Opuwo,NA,2020-05-26 22:58:24,-18.06,13.84,54.99,47,7,0.92
179,Lompoc,US,2020-05-26 22:56:18,34.64,-120.46,80.6,53,20,11.41
180,Miyako,JP,2020-05-26 22:58:24,39.64,141.95,65.08,65,91,7.11
181,Severo-Yeniseyskiy,RU,2020-05-26 22:58:24,60.37,93.04,34.56,86,38,9.66
182,Conceicao Do Araguaia,BR,2020-05-26 22:58:25,-8.26,-49.26,75.2,94,100,2.24
183,Waipawa,NZ,2020-05-26 22:56:42,-41.41,175.52,55.0,63,64,1.99
184,Douglas,US,2020-05-26 22:58:25,41.3,-96.17,68.0,82,90,14.99
185,Aklavik,CA,2020-05-26 22:56:10,68.22,-135.01,42.8,84,40,9.17
186,Knysna,ZA,2020-05-26 22:58:25,-34.04,23.05,46.4,87,80,8.05
187,Mackay,AU,2020-05-26 22:55:50,-21.15,149.2,64.0,87,3,5.82
188,Coquimbo,CL,2020-05-26 22:55:46,-29.95,-71.34,59.0,77,75,4.7
189,Katherine,AU,2020-05-26 22:57:31,-14.47,132.27,66.2,68,75,5.82
190,Saint George,US,2020-05-26 22:56:18,37.1,-113.58,96.01,10,1,9.17
191,Tuatapere,NZ,2020-05-26 22:55:29,-46.13,167.68,50.63,76,36,2.77
192,Marathon,US,2020-05-26 22:56:05,44.9,-89.77,78.01,69,20,10.29
193,Labuhan,ID,2020-05-26 22:58:26,-6.88,112.21,79.25,87,64,10.47
194,Ostrovnoy,RU,2020-05-26 22:55:39,68.05,39.51,39.76,71,4,6.35
195,Bonavista,CA,2020-05-26 22:58:26,48.65,-53.11,47.14,88,100,19.84
196,Thongwa,MM,2020-05-26 22:58:26,16.76,96.53,80.6,94,40,4.7
197,Marsa Matruh,EG,2020-05-26 22:58:26,31.35,27.25,68.0,72,40,11.41
198,Kamaishi,JP,2020-05-26 22:56:41,39.27,141.88,63.97,71,89,6.26
199,Kawalu,ID,2020-05-26 22:56:19,-7.38,108.21,73.33,92,87,0.27
200,Abu Samrah,SY,2020-05-26 22:55:43,35.3,37.18,72.32,36,65,4.92
201,Maldonado,UY,2020-05-26 22:56:13,-34.67,-54.92,53.6,76,75,11.41
202,The Valley,AI,2020-05-26 22:55:59,18.22,-63.06,84.2,70,40,9.17
203,Atar,MR,2020-05-26 22:56:30,20.52,-13.05,87.94,15,0,7.07
204,Dillon,US,2020-05-26 22:58:27,34.42,-79.37,72.0,83,90,10.29
205,Mitsamiouli,KM,2020-05-26 22:58:27,-11.38,43.28,78.89,71,6,5.35
206,Thinadhoo,MV,2020-05-26 22:58:27,0.53,72.93,82.98,76,22,7.78
207,Tasiilaq,GL,2020-05-26 22:55:46,65.61,-37.64,37.4,93,100,14.99
208,Manavalakurichi,IN,2020-05-26 22:58:28,8.13,77.3,78.8,88,40,3.36
209,Iqaluit,CA,2020-05-26 22:56:00,63.75,-68.51,30.2,80,90,19.46
210,Castlegar,CA,2020-05-26 22:58:28,49.3,-117.67,64.99,40,90,1.99
211,Ust-Ishim,RU,2020-05-26 22:58:28,57.69,71.17,40.96,84,0,4.23
212,Cherskiy,RU,2020-05-26 22:55:33,68.75,161.3,53.74,40,23,9.37
213,Oistins,BB,2020-05-26 22:58:02,13.07,-59.53,82.4,74,40,16.11
214,Naze,JP,2020-05-26 22:56:33,28.37,129.48,75.2,100,75,20.8
215,Bhanpura,IN,2020-05-26 22:58:28,24.51,75.75,88.43,47,60,22.5
216,Lokosovo,RU,2020-05-26 22:58:29,61.13,74.82,38.59,72,3,9.19
217,Camacha,PT,2020-05-26 22:55:52,33.08,-16.33,62.6,88,20,9.17
218,Mehtar Lam,AF,2020-05-26 22:58:29,34.67,70.21,84.2,26,1,7.54
219,Shenjiamen,CN,2020-05-26 22:58:29,29.96,122.3,66.69,86,56,9.22
220,Langham,CA,2020-05-26 22:58:29,52.37,-106.97,64.4,72,90,12.75
221,Glendive,US,2020-05-26 22:58:29,47.11,-104.71,73.99,46,75,13.87
222,Machali,CL,2020-05-26 22:58:29,-34.18,-70.67,64.4,63,0,5.82
223,Banda Aceh,ID,2020-05-26 22:55:03,5.56,95.32,81.23,75,100,5.61
224,Sombrerete,MX,2020-05-26 22:58:29,23.63,-103.65,81.21,15,39,6.8
225,Sainte-Rose,GP,2020-05-26 22:58:30,16.33,-61.7,82.4,74,40,13.87
226,Pangai,TO,2020-05-26 22:58:30,-19.8,-174.35,80.6,74,20,6.93
227,Lagunas,PE,2020-05-26 22:58:30,-5.23,-75.68,80.42,71,77,2.24
228,Rivadavia,AR,2020-05-26 22:58:30,-33.19,-68.46,64.4,42,43,1.99
229,Uribia,CO,2020-05-26 22:58:30,11.71,-72.27,90.48,54,64,16.17
230,Clovis,US,2020-05-26 22:58:30,36.83,-119.7,102.0,17,20,3.36
231,Nibbar,TN,2020-05-26 22:58:31,36.29,8.77,66.2,72,20,4.7
232,Innisfail,AU,2020-05-26 22:58:31,-17.53,146.03,65.84,71,40,4.63
233,Teguise,ES,2020-05-26 22:58:31,29.06,-13.56,69.8,73,20,8.05
234,Bhuj,IN,2020-05-26 22:58:31,23.27,69.67,80.4,85,0,18.28
235,Santona,ES,2020-05-26 22:58:32,43.44,-3.46,62.01,82,0,3.36
236,Pitimbu,BR,2020-05-26 22:58:32,-7.47,-34.81,78.8,94,64,2.24
237,Iralaya,HN,2020-05-26 22:58:32,15.0,-83.23,83.66,79,100,12.77
238,Port Lincoln,AU,2020-05-26 22:55:42,-34.73,135.87,55.58,88,89,10.49
239,Witu,KE,2020-05-26 22:58:32,-2.39,40.44,76.15,91,6,7.99
240,Neyvo-Shaytanskiy,RU,2020-05-26 22:58:32,57.73,61.25,47.52,92,68,3.98
241,Inta,RU,2020-05-26 22:58:33,66.03,60.17,41.81,66,34,8.34
242,Alugan,PH,2020-05-26 22:56:15,12.22,125.48,83.86,78,17,8.37
243,San Quintin,MX,2020-05-26 22:56:54,30.48,-115.95,73.81,57,0,13.53
244,Haines Junction,CA,2020-05-26 22:56:37,60.75,-137.51,52.77,41,38,8.23
245,Hithadhoo,MV,2020-05-26 22:55:42,-0.6,73.08,83.37,74,82,6.22
246,Luganville,VU,2020-05-26 22:56:20,-15.53,167.17,80.6,88,90,10.29
247,Hay River,CA,2020-05-26 22:56:24,60.82,-115.8,37.4,74,75,9.17
248,Burgos,ES,2020-05-26 22:57:06,42.34,-3.71,55.4,87,0,11.41
249,Abha,SA,2020-05-26 22:58:34,18.22,42.51,66.2,45,21,4.54
250,Awbari,LY,2020-05-26 22:58:34,26.59,12.78,80.73,28,60,9.95
251,Nuuk,GL,2020-05-26 22:56:44,64.18,-51.72,33.8,95,90,16.11
252,Normandin,CA,2020-05-26 22:58:35,48.83,-72.53,66.2,93,90,2.24
253,Kavieng,PG,2020-05-26 22:56:52,-2.57,150.8,84.6,71,38,6.29
254,Antofagasta,CL,2020-05-26 22:52:08,-23.65,-70.4,62.6,77,20,6.93
255,Paungde,MM,2020-05-26 22:58:35,18.48,95.5,81.66,71,22,2.91
256,Mchinji,MW,2020-05-26 22:58:35,-13.8,32.88,60.39,80,0,3.56
257,Prado,BR,2020-05-26 22:58:36,-17.34,-39.22,75.94,90,79,4.16
258,Lavrentiya,RU,2020-05-26 22:55:45,65.58,-171.0,37.49,89,96,9.28
259,Kiruna,SE,2020-05-26 22:58:36,67.86,20.23,44.6,65,98,10.29
260,Castro,BR,2020-05-26 22:55:41,-24.79,-50.01,47.59,75,0,3.98
261,Moose Factory,CA,2020-05-26 22:58:36,51.26,-80.61,51.8,76,90,8.05
262,Huilong,CN,2020-05-26 22:58:36,31.81,121.66,66.0,93,66,2.26
263,Kasongo-Lunda,CD,2020-05-26 22:58:36,-6.47,16.82,74.97,72,31,1.79
264,Nantucket,US,2020-05-26 22:58:37,41.28,-70.1,66.0,87,90,4.7
265,Zyryanka,RU,2020-05-26 22:58:37,65.75,150.85,55.8,38,0,15.39
266,Port Hedland,AU,2020-05-26 22:56:11,-20.32,118.57,57.2,82,0,9.17
267,Banswada,IN,2020-05-26 22:58:37,18.38,77.88,90.73,26,47,0.69
268,Quatre Cocos,MU,2020-05-26 22:58:37,-20.21,57.76,73.4,78,20,6.93
269,Tiarei,PF,2020-05-26 22:55:56,-17.53,-149.33,82.4,78,75,5.82
270,Yenangyaung,MM,2020-05-26 22:58:37,20.47,94.88,82.35,65,12,10.42
271,Bureya,RU,2020-05-26 22:58:37,49.81,129.81,58.42,63,72,6.76
272,Souillac,MU,2020-05-26 22:55:44,-20.52,57.52,73.4,78,20,6.93
273,San Francisco,US,2020-05-26 22:53:52,37.77,-122.42,87.8,31,20,18.34
274,Muros,ES,2020-05-26 22:56:30,42.78,-9.06,70.0,54,0,5.99
275,Kualakapuas,ID,2020-05-26 22:58:38,-3.01,114.39,78.8,100,75,3.36
276,Zhuhai,CN,2020-05-26 22:55:47,22.28,113.57,80.6,94,40,5.82
277,San Cristobal,VE,2020-05-26 22:56:00,7.77,-72.22,72.72,78,85,5.17
278,Svetlyy,RU,2020-05-26 22:58:38,54.67,20.13,46.4,100,75,13.42
279,Vao,NC,2020-05-26 22:55:33,-22.67,167.48,74.86,74,10,14.36
280,Whitehorse,CA,2020-05-26 22:58:39,60.72,-135.05,52.0,32,75,9.17
281,Geraldton,AU,2020-05-26 22:55:29,-28.77,114.6,57.2,93,90,5.82
282,Tirano,IT,2020-05-26 22:58:39,46.22,10.17,33.8,80,7,2.24
283,Ancud,CL,2020-05-26 22:52:33,-41.87,-73.82,52.0,76,100,6.93
284,Presidencia Roque Saenz Pena,AR,2020-05-26 22:57:49,-26.79,-60.44,56.82,58,0,4.81
285,Richards Bay,ZA,2020-05-26 22:58:39,-28.78,32.04,60.76,65,78,8.79
286,Isla Vista,US,2020-05-26 22:58:39,34.41,-119.86,93.2,72,40,5.82
287,Ozernovskiy,RU,2020-05-26 22:58:39,51.5,156.52,38.62,92,95,7.36
288,Guanica,PR,2020-05-26 22:58:39,17.97,-66.91,84.99,70,77,3.0
289,Nyaunglebin,MM,2020-05-26 22:58:40,17.95,96.73,77.79,90,47,2.82
290,Hun,LY,2020-05-26 22:58:40,29.13,15.95,71.24,40,70,8.32
291,Sangar,RU,2020-05-26 22:58:40,63.92,127.47,65.28,46,12,3.56
292,Tsaratanana,MG,2020-05-26 22:58:40,-16.78,47.65,65.97,41,0,7.49
293,Almaguer,CO,2020-05-26 22:58:40,1.92,-76.85,59.34,79,98,5.06
294,Alta Floresta,BR,2020-05-26 22:56:20,-9.88,-56.09,71.11,92,0,2.35
295,Baykit,RU,2020-05-26 22:58:40,61.67,96.37,42.87,65,98,9.64
296,Krasnoselkup,RU,2020-05-26 22:58:40,65.7,82.47,35.22,83,0,20.2
297,Champasak,LA,2020-05-26 22:58:41,14.75,106.0,75.33,96,100,1.45
298,Camabatela,AO,2020-05-26 22:58:41,-8.19,15.38,63.46,86,32,2.1
299,Icatu,BR,2020-05-26 22:58:41,-2.78,-44.07,82.4,83,40,10.29
300,Uni,RU,2020-05-26 22:58:41,57.75,51.49,50.2,79,74,9.98
301,Sinnamary,GF,2020-05-26 22:55:37,5.38,-52.95,79.61,88,100,12.15
302,Henties Bay,NA,2020-05-26 22:58:41,-22.12,14.28,54.0,84,0,1.01
303,Axim,GH,2020-05-26 22:58:41,4.87,-2.24,79.29,86,87,9.37
304,Grindavik,IS,2020-05-26 22:58:42,63.84,-22.43,42.8,93,75,17.22
305,Najran,SA,2020-05-26 22:56:39,17.49,44.13,80.6,22,0,4.7
306,Waingapu,ID,2020-05-26 22:58:42,-9.66,120.26,80.01,82,69,3.24
307,Rio Gallegos,AR,2020-05-26 22:56:49,-51.62,-69.22,44.6,75,81,9.17
308,Pisco,PE,2020-05-26 22:55:33,-13.7,-76.22,66.2,82,90,5.82
309,Nouadhibou,MR,2020-05-26 22:56:11,20.93,-17.03,64.4,93,75,17.22
310,Kaeo,NZ,2020-05-26 22:58:42,-35.1,173.78,60.01,3,100,3.0
311,Suhbaatar,MN,2020-05-26 22:58:43,50.23,106.21,57.88,68,90,10.18
312,Bathsheba,BB,2020-05-26 22:58:43,13.22,-59.52,82.4,74,40,16.11
313,Sidney,AU,2020-05-26 22:55:59,-33.87,151.21,57.99,82,40,8.05
314,Kodiak,US,2020-05-26 22:55:46,57.79,-152.41,51.8,71,75,14.99
315,Birjand,IR,2020-05-26 22:54:26,32.87,59.22,66.2,29,0,4.7
316,Umm Kaddadah,SD,2020-05-26 22:56:53,13.6,26.69,84.61,12,70,12.57
317,Padang,ID,2020-05-26 22:58:43,-0.95,100.35,80.62,66,100,3.49
318,Khani,GE,2020-05-26 22:58:44,41.96,42.96,59.0,82,25,3.36
319,Honiara,SB,2020-05-26 22:56:45,-9.43,159.95,82.4,83,40,5.82
320,San Patricio,MX,2020-05-26 22:55:59,19.22,-104.7,81.36,52,0,7.4
321,Zaozerne,UA,2020-05-26 22:58:44,45.16,33.28,55.15,81,91,4.25
322,Aripuana,BR,2020-05-26 22:56:09,-9.17,-60.63,73.85,79,0,2.17
323,Boende,CD,2020-05-26 22:56:14,-0.22,20.87,76.64,79,100,1.66
324,Kulachi,PK,2020-05-26 22:58:44,31.93,70.46,91.87,15,0,3.02
325,Puma,TZ,2020-05-26 22:58:44,-5.0,34.73,60.12,87,11,8.39
326,Mikuni,JP,2020-05-26 22:58:44,36.22,136.15,64.4,82,75,6.93
327,Veraval,IN,2020-05-26 22:58:45,20.9,70.37,82.98,83,5,15.05
328,Hobyo,SO,2020-05-26 22:56:46,5.35,48.53,82.36,78,1,21.85
329,Tocopilla,CL,2020-05-26 22:56:09,-22.09,-70.2,62.47,53,10,0.36
330,Fiche,ET,2020-05-26 22:58:45,9.8,38.73,55.78,47,23,2.89
331,Bengkulu,ID,2020-05-26 22:55:07,-3.8,102.27,76.64,86,100,3.53
332,Selikhino,RU,2020-05-26 22:58:45,50.37,137.5,59.0,64,46,7.52
333,Carutapera,BR,2020-05-26 22:56:18,-1.2,-46.02,77.0,92,83,4.56
334,Suntar,RU,2020-05-26 22:55:35,62.14,117.63,54.7,47,18,11.16
335,Berlevag,NO,2020-05-26 22:55:44,70.86,29.09,45.73,84,83,7.11
336,Tiksi,RU,2020-05-26 22:55:38,71.69,128.87,30.56,98,100,18.75
337,Port-Gentil,GA,2020-05-26 22:58:46,-0.72,8.78,80.6,88,90,4.7
338,Sheoganj,IN,2020-05-26 22:58:46,25.15,73.07,80.71,65,43,12.17
339,Bonthe,SL,2020-05-26 22:56:27,7.53,-12.51,79.84,86,93,4.85
340,Dordrecht,NL,2020-05-26 22:56:35,51.81,4.67,60.01,67,1,1.01
341,Kununurra,AU,2020-05-26 22:55:46,-15.77,128.73,69.8,83,90,2.24
342,Chifeng,CN,2020-05-26 22:58:47,42.27,118.96,59.61,50,93,9.06
343,Rincon,US,2020-05-26 22:58:47,32.3,-81.24,78.8,78,90,11.41
344,Leningradskiy,RU,2020-05-26 22:55:30,69.38,178.42,33.55,93,0,4.79
345,Mbanza-Ngungu,CD,2020-05-26 22:58:48,-5.25,14.87,70.57,96,96,3.36
346,Aksu,CN,2020-05-26 22:58:48,41.12,80.26,69.42,24,0,4.72
347,Longyearbyen,SJ,2020-05-26 22:55:49,78.22,15.64,44.6,65,75,14.99
348,Kutum,SD,2020-05-26 22:56:27,14.2,24.67,69.4,20,55,8.19
349,Karachi,PK,2020-05-26 22:54:44,24.91,67.08,86.0,66,1,9.17
350,Gainesville,US,2020-05-26 22:56:52,29.65,-82.32,78.8,83,90,10.29
351,Kalemie,CD,2020-05-26 22:58:49,-5.95,29.19,70.57,75,1,2.08
352,Yulara,AU,2020-05-26 22:55:48,-25.24,130.99,51.8,93,90,2.24
353,Hualmay,PE,2020-05-26 22:55:34,-11.1,-77.61,67.32,79,23,4.99
354,San Marcos De Colon,HN,2020-05-26 22:58:49,13.43,-86.8,77.5,85,99,3.53
355,Ormara,PK,2020-05-26 22:56:14,25.21,64.64,85.71,74,0,21.77
356,Galveston,US,2020-05-26 22:58:50,29.37,-94.97,88.0,62,75,8.05
357,Gimbi,ET,2020-05-26 22:58:50,9.17,35.83,57.6,100,65,3.04
358,Svetlogorsk,BY,2020-05-26 22:56:40,52.63,29.73,48.52,93,100,6.89
359,Atambua,ID,2020-05-26 22:58:51,-9.11,124.89,75.76,85,21,2.75
360,Aswan,EG,2020-05-26 22:54:04,24.09,32.91,78.53,20,0,9.69
361,Nelson Bay,AU,2020-05-26 22:55:04,-32.72,152.15,57.99,93,75,16.11
362,Gura Foii,RO,2020-05-26 22:58:51,44.75,25.28,50.0,100,79,3.36
363,Eenhana,NA,2020-05-26 22:58:51,-17.47,16.33,60.8,63,2,1.12
364,Lata,PT,2020-05-26 22:56:47,40.16,-8.33,72.0,78,55,3.42
365,Salalah,OM,2020-05-26 22:56:28,17.02,54.09,84.2,79,40,2.24
366,Juarez,MX,2020-05-26 22:56:52,31.73,-106.48,88.0,17,40,14.99
367,Talaya,RU,2020-05-26 22:58:52,61.38,152.75,39.7,67,18,6.38
368,Meulaboh,ID,2020-05-26 22:58:52,4.14,96.13,79.12,77,100,3.0
369,Santa Rita,BR,2020-05-26 22:58:52,-7.11,-34.98,78.8,94,43,2.24
370,Goundam,ML,2020-05-26 22:58:52,16.41,-3.67,91.94,18,7,12.17
371,Waddan,LY,2020-05-26 22:58:53,29.16,16.14,71.33,42,63,13.78
372,Gigmoto,PH,2020-05-26 22:56:41,13.78,124.39,83.59,78,53,6.93
373,Naliya,IN,2020-05-26 22:58:53,23.27,68.83,82.45,83,0,15.37
374,Am Timan,TD,2020-05-26 22:58:53,11.03,20.28,85.24,56,38,7.78
375,Yashalta,RU,2020-05-26 22:58:53,46.34,42.28,53.65,87,0,2.13
376,Yurga,RU,2020-05-26 22:58:53,55.72,84.89,42.57,76,85,8.28
377,Jumla,NP,2020-05-26 22:58:53,29.27,82.18,53.15,46,98,4.5
378,North Platte,US,2020-05-26 22:57:50,41.12,-100.77,77.0,33,1,8.05
379,Kristianstad,SE,2020-05-26 22:58:54,56.03,14.15,55.99,81,98,3.36
380,Marawi,PH,2020-05-26 22:58:54,8.0,124.29,77.0,83,71,8.01
381,Orangeville,CA,2020-05-26 22:58:54,43.92,-80.1,86.0,48,20,6.93
382,Omboue,GA,2020-05-26 22:56:34,-1.57,9.26,78.26,86,100,8.16
383,Butterworth,MY,2020-05-26 22:58:54,5.4,100.36,78.8,94,20,2.24
384,Tiznit,MA,2020-05-26 22:58:54,29.58,-9.5,80.82,32,0,2.24
385,Sao Filipe,CV,2020-05-26 22:56:27,14.9,-24.5,74.8,74,7,5.73
386,North Battleford,CA,2020-05-26 22:57:37,52.78,-108.28,59.0,77,75,13.87
387,Goderich,CA,2020-05-26 22:56:53,43.75,-81.72,81.0,67,2,1.01
388,Turayf,SA,2020-05-26 22:58:55,31.67,38.66,68.0,28,0,6.93
389,Kaniama,CD,2020-05-26 22:58:55,-7.57,24.18,69.4,60,0,3.38
390,Gorlice,PL,2020-05-26 22:58:55,49.66,21.16,50.0,89,76,6.55
391,Tabuk,PH,2020-05-26 22:56:22,17.42,121.44,78.64,79,86,2.82
392,Ewa Beach,US,2020-05-26 22:54:00,21.32,-158.01,84.2,58,90,8.05
393,Taicheng,CN,2020-05-26 22:58:55,38.73,113.23,56.53,47,0,4.79
394,Ahtopol,BG,2020-05-26 22:58:55,42.1,27.95,52.0,100,20,4.7
395,Pontianak,ID,2020-05-26 22:55:54,-0.03,109.33,75.2,100,75,2.15
396,Grand Gaube,MU,2020-05-26 22:55:37,-20.01,57.66,72.0,79,4,1.99
397,Sarai,RU,2020-05-26 22:58:56,53.75,41.02,50.22,95,100,10.18
398,Buin,CL,2020-05-26 22:58:56,-33.73,-70.75,64.4,55,0,3.02
399,Palana,RU,2020-05-26 22:58:56,59.12,159.97,42.1,65,99,9.86
400,Krasnyy Yar,RU,2020-05-26 22:58:56,46.53,48.35,60.8,72,0,8.95
401,Ayorou,NE,2020-05-26 22:58:56,14.73,0.92,97.27,26,84,9.89
402,Qaanaaq,GL,2020-05-26 22:55:34,77.48,-69.36,29.34,95,66,3.65
403,Touros,BR,2020-05-26 22:56:38,-5.2,-35.46,80.6,88,20,4.7
404,Travagliato,IT,2020-05-26 22:58:57,45.52,10.08,68.0,64,75,5.82
405,Tashla,RU,2020-05-26 22:58:57,51.77,52.74,69.76,65,25,18.59
406,Imbituba,BR,2020-05-26 22:55:09,-28.24,-48.67,57.2,71,0,2.24
407,Laramie,US,2020-05-26 22:58:57,41.31,-105.59,68.0,35,75,14.99
408,Sanchor,IN,2020-05-26 22:58:57,24.76,71.77,82.65,75,40,13.11
409,Tabory,RU,2020-05-26 22:58:57,58.52,64.55,44.29,81,51,1.39
410,Fougamou,GA,2020-05-26 22:58:58,-1.22,10.58,75.13,95,99,1.81
411,Vostochnyy,RU,2020-05-26 22:58:58,55.82,37.87,57.0,66,94,4.47
412,Kemin,KG,2020-05-26 22:58:58,42.78,75.69,64.65,48,0,5.01
413,Nosy Varika,MG,2020-05-26 22:58:58,-20.58,48.53,68.85,86,6,7.09
414,Ostuni,IT,2020-05-26 22:58:58,40.73,17.58,63.0,66,0,22.3
415,Sakakah,SA,2020-05-26 22:58:58,29.97,40.21,78.8,14,0,6.93
416,Guerrero Negro,MX,2020-05-26 22:55:33,27.98,-114.06,74.64,53,89,16.51
417,Chone,EC,2020-05-26 22:58:59,-0.68,-80.1,77.67,80,78,5.59
418,Erzin,TR,2020-05-26 22:58:59,36.96,36.2,72.0,55,34,5.03
419,Davila,PH,2020-05-26 22:58:59,18.47,120.58,80.6,83,20,8.1
420,Bilibino,RU,2020-05-26 22:58:59,68.05,166.44,42.48,63,0,3.4
421,Lingao,CN,2020-05-26 22:58:59,19.91,109.69,80.74,82,71,5.99
422,Soure,BR,2020-05-26 22:58:24,-0.72,-48.52,80.89,81,23,11.07
423,Tual,ID,2020-05-26 22:55:43,-5.67,132.75,81.52,82,93,18.97
424,Campeche,MX,2020-05-26 22:59:00,19.0,-90.5,96.84,39,75,5.66
425,Nome,US,2020-05-26 22:56:00,64.5,-165.41,54.0,66,75,16.11
426,Tezu,IN,2020-05-26 22:59:00,27.92,96.17,66.0,86,100,3.51
427,Te Anau,NZ,2020-05-26 22:55:41,-45.42,167.72,45.82,75,60,0.81
428,Begunitsy,RU,2020-05-26 22:59:00,59.59,29.32,46.4,70,0,1.86
429,Mongo,TD,2020-05-26 22:59:00,12.18,18.69,87.96,51,100,4.63
430,Babati,TZ,2020-05-26 22:59:00,-4.22,35.75,59.61,93,61,2.08
431,Stornoway,GB,2020-05-26 22:59:01,58.21,-6.39,50.0,81,94,8.05
432,Norman Wells,CA,2020-05-26 22:59:01,65.28,-126.83,60.8,48,75,5.82
433,Cheremisinovo,RU,2020-05-26 22:59:01,51.89,37.26,48.72,96,99,4.38
434,Xalpatlahuac,MX,2020-05-26 22:59:01,17.47,-98.62,85.41,16,92,4.83
435,Markova,UA,2020-05-26 22:59:01,48.68,24.41,46.94,95,100,3.27
436,Lamar,US,2020-05-26 22:59:01,33.67,-95.58,72.0,73,90,8.05
437,Makurdi,NG,2020-05-26 22:59:01,7.74,8.51,81.01,76,90,2.48
438,Alzamay,RU,2020-05-26 22:59:02,55.56,98.66,46.58,85,97,13.98
439,Clyde River,CA,2020-05-26 22:56:22,70.47,-68.59,26.6,79,75,3.36
440,Eureka,US,2020-05-26 22:54:54,40.8,-124.16,69.01,69,86,5.01
441,Praya,CV,2020-05-26 22:54:37,14.92,-23.51,75.2,83,20,2.24
442,Mocuba,MZ,2020-05-26 22:59:02,-16.84,36.99,69.8,75,14,4.59
443,Luderitz,NA,2020-05-26 22:56:17,-26.65,15.16,53.6,58,0,10.29
444,Nautla,MX,2020-05-26 22:59:02,20.22,-96.78,87.44,63,62,9.04
445,Victor Harbor,AU,2020-05-26 22:58:56,-35.57,138.62,55.0,88,30,13.42
446,Tautira,PF,2020-05-26 22:59:02,-17.73,-149.15,82.4,78,75,5.82
447,Saint-Joseph,RE,2020-05-26 22:59:03,-21.37,55.62,71.6,68,20,9.17
448,Vila Velha,BR,2020-05-26 22:54:52,-20.33,-40.29,71.6,78,1,4.7
449,Tchaourou,BJ,2020-05-26 22:59:03,8.89,2.6,75.79,88,100,3.0
450,Cao Bang,VN,2020-05-26 22:59:03,22.67,106.25,70.61,78,98,2.46
451,Sire,NG,2020-05-26 22:59:03,12.93,5.2,91.22,39,31,3.13
452,Tura,IN,2020-05-26 22:56:08,25.52,90.22,74.5,95,99,7.45
453,Monte Alegre,BR,2020-05-26 22:59:04,-2.01,-54.07,78.04,79,2,2.06
454,Kuryk,KZ,2020-05-26 22:59:04,43.2,51.65,65.79,67,0,11.54
455,Alofi,NU,2020-05-26 22:55:48,-19.06,-169.92,80.6,69,40,10.29
456,Belmonte,BR,2020-05-26 22:56:07,-15.86,-38.88,78.8,83,40,8.05
457,Gamboma,CG,2020-05-26 22:59:04,-1.88,15.86,76.35,84,76,1.95
458,Poum,NC,2020-05-26 22:59:05,-20.23,164.02,76.17,71,1,14.5
459,Marovoay,MG,2020-05-26 22:59:05,-16.1,46.63,68.0,94,0,4.7
460,Jinchang,CN,2020-05-26 22:59:05,38.5,102.17,57.31,36,22,6.85
461,Petropavlovsk-Kamchatskiy,RU,2020-05-26 22:59:05,53.05,158.65,46.4,65,75,4.47
462,Padilla,CO,2020-05-26 22:59:05,3.22,-76.31,75.2,78,75,5.82
463,Natal,BR,2020-05-26 22:59:06,-5.79,-35.21,80.6,88,20,3.36
464,Charters Towers,AU,2020-05-26 22:59:06,-20.1,146.27,61.12,59,19,3.76
465,Fukue,JP,2020-05-26 22:59:06,32.69,128.84,67.12,76,88,12.77
466,Uhlove,UA,2020-05-26 22:59:07,44.82,33.6,54.59,79,91,3.94
467,Krasnoshchekovo,RU,2020-05-26 22:59:07,51.67,82.73,57.2,69,81,9.93
468,Kieta,PG,2020-05-26 22:59:07,-6.22,155.63,85.51,68,57,6.62
469,Batemans Bay,AU,2020-05-26 22:59:07,-35.72,150.18,44.01,97,67,3.94
470,Kuching,MY,2020-05-26 22:59:07,1.55,110.33,77.0,100,40,3.36
471,Lasa,IT,2020-05-26 22:56:11,46.62,10.7,48.2,57,5,5.82
472,Cerro Azul,MX,2020-05-26 22:59:08,21.2,-97.73,87.06,68,67,11.23
473,Champerico,GT,2020-05-26 22:59:08,14.3,-91.92,91.4,63,75,9.17
474,Outjo,NA,2020-05-26 22:59:08,-20.12,16.15,46.45,45,0,4.79
475,Egvekinot,RU,2020-05-26 22:56:37,66.32,-179.17,33.66,96,98,1.05
476,Praia,CV,2020-05-26 22:59:08,14.92,-23.51,75.2,83,20,2.24
477,Alice Springs,AU,2020-05-26 22:56:34,-23.7,133.88,59.0,58,90,4.7
478,Ust-Tsilma,RU,2020-05-26 22:56:07,65.44,52.15,44.8,67,12,3.09
479,Iquique,CL,2020-05-26 22:59:09,-20.22,-70.14,64.4,72,20,5.82
480,Nangavalli,IN,2020-05-26 22:59:09,11.75,77.88,81.95,70,37,1.88
481,Grand-Santi,GF,2020-05-26 22:56:49,4.25,-54.38,75.38,96,100,3.6
482,Samarai,PG,2020-05-26 22:55:40,-10.62,150.67,80.83,86,12,8.28
483,Sabrum,IN,2020-05-26 22:59:09,23.0,91.73,78.75,87,90,6.78
484,Anadyr,RU,2020-05-26 22:55:35,64.75,177.48,39.2,86,75,15.66
485,Bilma,NE,2020-05-26 22:56:34,18.69,12.92,90.12,15,43,8.16
486,Talca,CL,2020-05-26 22:59:10,-35.43,-71.67,68.0,49,0,1.12
487,Ha Giang,VN,2020-05-26 22:59:10,22.83,104.98,72.28,82,84,2.42
488,Brigantine,US,2020-05-26 22:59:10,39.41,-74.36,69.8,73,1,6.93
489,Sal Rei,CV,2020-05-26 22:59:10,16.18,-22.92,73.4,83,20,16.11
490,Pangnirtung,CA,2020-05-26 22:55:50,66.15,-65.71,30.2,80,20,13.87
491,Tharad,IN,2020-05-26 22:59:10,24.4,71.63,83.26,75,24,13.51
492,Yaan,NG,2020-05-26 22:59:10,7.38,8.57,80.87,80,100,1.68
493,Isangel,VU,2020-05-26 22:55:51,-19.55,169.27,80.6,69,75,14.85
494,Katobu,ID,2020-05-26 22:59:11,-4.94,122.53,78.22,92,66,2.3
495,Abaete,BR,2020-05-26 22:59:11,-19.16,-45.45,58.71,71,0,1.92
496,Praia Da Vitoria,PT,2020-05-26 22:59:11,38.73,-27.07,66.2,88,20,5.01
497,Abengourou,CI,2020-05-26 22:59:11,6.73,-3.5,72.97,97,57,4.16
498,Sioux Lookout,CA,2020-05-26 22:59:11,50.1,-91.92,64.4,100,90,5.82
499,Iberia,US,2020-05-26 22:55:25,29.95,-91.75,82.4,58,40,6.93
500,Hameln,DE,2020-05-26 22:59:11,52.1,9.36,53.6,76,75,4.7
501,Nidzica,PL,2020-05-26 22:59:11,53.36,20.43,44.87,90,1,7.9
502,Krasnoarmeysk,RU,2020-05-26 22:59:12,51.02,45.7,57.0,71,73,3.0
503,Pasighat,IN,2020-05-26 22:59:12,28.07,95.33,67.19,85,100,1.61
504,Paamiut,GL,2020-05-26 22:55:26,61.99,-49.67,37.98,91,99,9.37
505,Santo Antonio Do Ica,BR,2020-05-26 22:59:12,-3.1,-67.94,75.61,95,2,1.12
506,Ahipara,NZ,2020-05-26 22:56:11,-35.17,173.17,62.89,90,76,6.44
507,Boditi,ET,2020-05-26 22:59:12,6.97,37.87,58.91,93,76,1.23
508,Nyagan,RU,2020-05-26 22:59:12,62.14,65.39,45.82,59,82,2.1
509,Kulhudhuffushi,MV,2020-05-26 22:59:12,6.62,73.07,84.25,77,85,14.63
510,Khatanga,RU,2020-05-26 22:56:06,71.97,102.5,31.19,92,57,14.32
511,Jalapa,MX,2020-05-26 22:55:08,19.53,-96.92,76.06,76,56,3.2
512,Santiago,CL,2020-05-26 22:55:01,-33.46,-70.65,64.4,55,0,3.47
513,Dukat,RU,2020-05-26 22:56:01,62.55,155.55,35.24,80,69,9.19
514,Fredericksburg,US,2020-05-26 22:57:35,38.3,-77.46,77.0,69,40,3.36
515,Urumqi,CN,2020-05-26 22:55:40,43.8,87.6,75.2,17,12,11.18
516,Novonukutskiy,RU,2020-05-26 22:59:13,53.7,102.71,64.36,56,100,2.8
517,Matara,LK,2020-05-26 22:56:47,5.95,80.54,80.19,87,100,9.22
518,Sangin,AF,2020-05-26 22:59:13,32.07,64.84,80.44,17,0,15.28
519,Arawa,PG,2020-05-26 22:59:13,-6.21,155.54,86.59,64,50,5.14
520,Karaton,ID,2020-05-26 22:59:14,-6.34,106.1,78.8,83,20,8.05
521,Ranong,TH,2020-05-26 22:59:14,9.97,98.63,80.96,83,100,6.17
522,Talara,PE,2020-05-26 22:59:14,-4.58,-81.27,68.9,87,78,12.53
523,Crawfordsville,US,2020-05-26 22:59:14,40.04,-86.87,81.0,73,40,4.7
524,Yar-Sale,RU,2020-05-26 22:55:49,66.83,70.83,34.34,86,0,6.49
525,Bulgan,MN,2020-05-26 22:59:14,48.81,103.53,55.24,56,98,4.74
526,Bailieborough,IE,2020-05-26 22:59:14,53.92,-6.97,53.01,73,95,4.0
527,Lazaro Cardenas,MX,2020-05-26 22:59:14,17.96,-102.2,80.83,62,71,10.54
528,Carnot,CF,2020-05-26 22:59:15,4.94,15.87,70.5,94,100,2.73
529,Southbridge,US,2020-05-26 22:59:02,42.08,-72.03,81.0,58,77,3.0
530,Marzuq,YE,2020-05-26 22:59:15,14.4,46.47,79.39,55,0,2.44
531,Tupik,RU,2020-05-26 22:59:15,54.43,119.93,59.45,45,0,4.7
532,Bolivar,US,2020-05-26 22:59:15,37.61,-93.41,75.0,68,65,1.01
533,Betong,TH,2020-05-26 22:59:15,5.77,101.07,72.32,94,87,1.48
534,Termiz,UZ,2020-05-26 22:59:15,37.22,67.28,69.8,56,2,2.24
535,Vozrozhdeniye,RU,2020-05-26 22:59:16,44.55,38.21,53.01,84,1,6.62
536,Arlit,NE,2020-05-26 22:59:16,18.74,7.39,90.37,29,100,4.09
537,La Maddalena,IT,2020-05-26 22:59:16,41.21,9.41,64.4,77,76,9.17
538,Kumphawapi,TH,2020-05-26 22:59:16,17.11,103.01,81.03,80,100,0.72
539,Fernley,US,2020-05-26 22:59:16,39.61,-119.25,90.0,13,80,4.0
540,Mindelo,CV,2020-05-26 22:59:16,16.89,-24.98,73.4,78,20,16.11
541,Emerald,AU,2020-05-26 22:56:28,-23.53,148.17,57.99,71,69,4.7
542,Muroto,JP,2020-05-26 22:59:16,33.28,134.15,68.0,88,75,4.7
543,Flinders,AU,2020-05-26 22:56:37,-34.58,150.86,57.0,92,70,5.01
544,Walvis Bay,NA,2020-05-26 22:59:17,-22.96,14.51,54.0,76,0,5.82
545,Kamenka,RU,2020-05-26 22:59:17,51.32,42.77,50.0,94,88,3.0
546,Rawson,AR,2020-05-26 22:53:23,-43.3,-65.1,59.79,50,100,6.93
547,Sorland,NO,2020-05-26 22:55:47,67.67,12.69,45.39,92,90,26.96
548,Xiaoshi,CN,2020-05-26 22:59:17,41.3,124.12,62.6,67,39,6.71
549,Ginir,ET,2020-05-26 22:59:17,7.13,40.7,58.84,93,69,3.24
550,Changji,CN,2020-05-26 22:59:18,44.02,87.32,75.2,17,1,11.18
551,Atyashevo,RU,2020-05-26 22:59:18,54.56,46.07,51.26,98,99,8.79
552,Mugan,CN,2020-05-26 22:59:18,35.94,101.38,42.76,62,100,2.3
553,Chuarrancho,GT,2020-05-26 22:59:18,14.82,-90.51,80.6,61,40,9.17
554,Dondo,MZ,2020-05-26 22:59:18,-19.61,34.74,76.06,63,64,5.39
555,Sari,IR,2020-05-26 22:59:18,36.56,53.06,60.8,93,46,2.24
556,Samfya,ZM,2020-05-26 22:59:18,-11.36,29.56,64.04,65,0,1.79
557,Medina,SA,2020-05-26 22:59:04,24.47,39.61,91.4,15,0,6.93
558,Ambilobe,MG,2020-05-26 22:59:19,-13.2,49.05,66.47,84,0,3.4
559,Vikarabad,IN,2020-05-26 22:59:19,17.33,77.9,88.0,58,40,3.36
560,Leh,IN,2020-05-26 22:59:19,34.17,77.58,44.26,46,83,9.82
561,Sistranda,NO,2020-05-26 22:56:46,63.73,8.83,48.2,87,40,16.11
562,Sijunjung,ID,2020-05-26 22:59:19,-0.69,100.95,72.75,88,100,1.48
